Seq ID, Mol Weight, Iso Point, Gravy 
tr|A0A0E4C2T1|A0A0E4C2T1_9ORTO, 71594.17540000034, 5.5695619583129865, -0.10617469879518115 
tr|A0A0E4C2X2|A0A0E4C2X2_9ORTO, 42719.14900000002, 5.932422065734863, -0.24987080103359224 
tr|A0A0E4G393|A0A0E4G393_9ORTO, 86144.0222000004, 8.797113990783693, -0.3852589641434254 
tr|A0A0E4G3H6|A0A0E4G3H6_9ORTO, 27358.84300000002, 5.370682334899903, -0.37201646090534995 
tr|A0A0E3VZU8|A0A0E3VZU8_9ORTO, 61306.72790000015, 9.392157173156736, -0.44728260869565206 
tr|A0A0E4C2S8|A0A0E4C2S8_9ORTO, 88396.44910000054, 9.2126127243042, -0.3299222797927462 
tr|A0A0E4C2T3|A0A0E4C2T3_9ORTO, 82860.14480000042, 6.332795906066894, -0.5942253521126737 